{"count":1,"self":1159.0828032,"total":1167.9204086,"children":{"InitializeActuators":{"count":1,"self":0.001013,"total":0.001013,"children":null},"InitializeSensors":{"count":1,"self":0.00099549999999999986,"total":0.00099549999999999986,"children":null},"AgentSendState":{"count":58152,"self":0.1872622,"total":0.32972629999999997,"children":{"CollectObservations":{"count":11631,"self":0.070039999999999991,"total":0.070039999999999991,"children":null},"WriteActionMask":{"count":11631,"self":0.017485499999999998,"total":0.017485499999999998,"children":null},"RequestDecision":{"count":11631,"self":0.0549386,"total":0.0549386,"children":null}}},"DecideAction":{"count":58152,"self":7.9781407999999994,"total":7.9781410999999993,"children":null},"AgentAct":{"count":58152,"self":0.526756,"total":0.526756,"children":null}},"gauges":{"MummyGo.CumulativeReward":{"count":1344,"max":0.99,"min":-10.0101337,"runningAverage":0.8878797,"value":0.95,"weightedAverage":0.9421275}},"metadata":{"timer_format_version":"0.1.0","start_time_seconds":"1710831525","unity_version":"2022.3.20f1","command_line_arguments":"D:\\UnityEditors\\2022.3.20f1\\Editor\\Unity.exe -projectpath D:\\UnityProjects\\MLAgent_Practice_Class -useHub -hubIPC -cloudEnvironment production","communication_protocol_version":"1.5.0","com.unity.ml-agents_version":"2.3.0-exp.3","scene_name":"MummyGo","end_time_seconds":"1710832693"}}